Generaci�n,Fitness Promedio,Fitness M�ximo
0,-9999.0,-9999.0
1,-9999.0,-9999.0
2,-9999.0,-9999.0
3,-9871.342234470965,21915.441382258723
4,-8342.171856420991,21915.441382258723
5,3955.4576662462064,35182.61415652071
6,10200.307389505379,35633.89823225669
7,16858.955969692463,41916.5527365867
8,17140.557533830193,42135.39774011583
9,17829.945414166603,42558.82792466122
10,20301.202006610092,44863.700363711905
11,22121.663314401307,45583.99406363136
12,24535.395620811014,45797.6784771368
13,23219.67449458627,49280.75151336603
14,23630.125569648957,50902.88622071263
15,24064.877181686807,50902.88622071263
16,25255.433350831998,51528.32579073031
17,24608.0670019544,54633.563142553714
18,27904.45768721494,54862.72980922038
19,28357.74138361354,54862.72980922038
20,27408.510921823647,55224.21087440447
21,29535.163242968378,55224.21087440447
22,29861.36436752508,55224.21087440447
23,27685.305283760405,56134.31728868191
24,24769.10520667486,56423.54884985742
25,23860.752116574677,57401.11410777607
26,29960.9749795331,57868.695183662574
27,30452.548376936644,57868.695183662574
28,28238.528225220944,57868.695183662574
29,28468.22750573062,57868.695183662574
30,29342.729040885744,57868.695183662574
31,28035.832682439428,57990.81584947742
32,30191.701025611983,58712.913914443074
33,30065.25718712278,58712.913914443074
34,31496.001410650726,58712.913914443074
35,31429.017957803364,58806.7828376166
36,30032.65337769002,58806.7828376166
37,28056.83834691575,58806.7828376166
38,29050.17356965844,58806.7828376166
39,33258.87805799236,58806.7828376166
40,29674.35142558616,58806.7828376166
41,31610.199845406627,58806.7828376166
42,30674.72779237769,58806.7828376166
43,32409.01444942107,59273.50814685997
44,30086.924539143114,59273.50814685997
45,34545.85185671478,59273.50814685997
46,32560.201404113945,59656.68817092871
47,30357.65130788809,59656.68817092871
48,34563.00363082073,59656.68817092871
49,26129.541514682838,59656.68817092871
50,25751.02558589398,59656.68817092871
51,33937.43696078511,59656.68817092871
52,35362.91676785604,59656.68817092871
53,32373.016472050673,59656.68817092871
54,31333.055294721402,59821.39387162402
55,29548.308709376677,59821.39387162402
56,28287.324948982663,59821.39387162402
57,27514.666651853266,59821.39387162402
58,30440.25639295758,59821.39387162402
59,29272.48886373162,59825.64583104393
60,29636.143158034585,59825.64583104393
61,32124.52994393214,59825.64583104393
62,31734.59373983887,59825.64583104393
63,29245.814910106434,59825.64583104393
64,31457.68041011842,59825.64583104393
65,32555.95892697413,59825.64583104393
66,28546.877298999956,59961.85548055753
67,29425.588549060703,59961.85548055753
68,31335.558539998474,59961.85548055753
69,30799.820937283752,59961.85548055753
70,30069.46066959522,59961.85548055753
71,30110.032090340086,59961.85548055753
72,31182.20339328195,59961.85548055753
73,28464.988356656337,59961.85548055753
74,29402.333987464986,59961.85548055753
75,31006.0900462084,59961.85548055753
76,26908.514094800852,59961.85548055753
77,24726.395043272485,59961.85548055753
78,32578.997869198658,59970.95732587372
79,30395.397234934608,59970.95732587372
80,29965.180161089662,59970.95732587372
81,30092.03808969295,59970.95732587372
82,31477.075263317434,59970.95732587372
83,30409.34068000261,60006.71362240242
84,27968.64475308593,60006.71362240242
85,32263.04903203532,60006.71362240242
86,30632.578624319096,60006.71362240242
87,32966.06465994535,60066.46961531204
88,30636.54652599484,60066.46961531204
89,29849.199657486504,60066.46961531204
90,32834.86544099985,60066.46961531204
91,30718.82530494384,60066.46961531204
92,30330.167676853773,60066.46961531204
93,27802.053895716803,60066.46961531204
94,35016.552855869886,60066.46961531204
95,30211.11151655826,60066.46961531204
96,29119.283162391683,60066.46961531204
97,31772.246279371542,60066.46961531204
98,32029.829354930698,60066.46961531204
99,30858.469276671934,60066.46961531204
100,28297.373040528717,60066.46961531204
101,32564.753107812696,60066.46961531204
102,29573.377072155912,60066.46961531204
103,31778.563532971555,60066.46961531204
104,30070.058988719815,60066.46961531204
105,28918.97136313821,60066.46961531204
106,26530.542745280844,60066.46961531204
107,31739.758220540243,60066.46961531204
108,31472.851749189762,60066.46961531204
109,32105.688380486205,60066.46961531204
110,29014.89318873576,60066.46961531204
111,33205.9208003509,60066.46961531204
112,31206.535412968384,60066.46961531204
113,28424.890339809463,60066.46961531204
114,28266.635006139644,60066.46961531204
115,26622.350959940137,60066.46961531204
116,30878.13056649528,60066.46961531204
117,29974.51617979664,60066.46961531204
118,33212.57356106566,60066.46961531204
119,28759.16113673375,60066.46961531204
120,30139.31212633038,60066.46961531204
121,29885.756404930904,60106.29852557318
122,27235.37342735335,60106.29852557318
123,31576.344369457263,60106.29852557318
124,32487.597821003343,60106.29852557318
125,29960.044183436472,60106.29852557318
126,32311.673702346277,60106.29852557318
127,33920.84793775595,60106.29852557318
128,33775.54815672925,60106.29852557318
129,32260.172066088104,60106.29852557318
130,35035.653840587554,60106.29852557318
131,30095.759306779022,60106.29852557318
132,32221.24920261714,60106.29852557318
133,31974.872258530202,60106.29852557318
134,31207.411648701924,60106.29852557318
135,32219.27141022191,60106.29852557318
136,34119.882813579396,60106.29852557318
137,33858.35763726287,60106.29852557318
138,33832.94782171281,60106.29852557318
139,33871.88154364636,60106.29852557318
140,28301.544823624346,60106.29852557318
141,28641.766492556882,60106.29852557318
142,33033.709249959305,60106.29852557318
143,33114.613171880075,60106.29852557318
144,30018.893751488904,60106.29852557318
145,31071.629926002883,60106.29852557318
146,28852.345040190154,60172.70702701899
147,30785.07934659514,60455.23612194514
148,27292.453997517314,60455.23612194514
149,29272.892169260514,60455.23612194514
150,34185.91483769835,60455.23612194514
151,33841.25507922346,60455.23612194514
152,25841.433761206994,60455.23612194514
153,33721.81053314054,60455.23612194514
154,32748.8902491131,60455.23612194514
155,28961.75368689143,60455.23612194514
156,30664.297973105306,60455.23612194514
157,32962.748337025994,60455.23612194514
158,33885.662004945036,60455.23612194514
159,30985.837496481523,60455.23612194514
160,33620.87271648246,60455.23612194514
161,29984.59875467756,60455.23612194514
162,29192.5421875506,60455.23612194514
163,31497.915575451832,60455.23612194514
164,31233.905410633157,60763.47910922868
165,32699.44038034489,60763.47910922868
166,31276.943240238565,60763.47910922868
167,26901.922234198435,60763.47910922868
168,27721.465436124483,60763.47910922868
169,37155.14192434414,60763.47910922868
170,32905.28907622423,60763.47910922868
171,32397.940220478464,60763.47910922868
172,34356.486130340476,60763.47910922868
173,28135.420154502895,60763.47910922868
174,32087.60920835893,60763.47910922868
175,31308.524627871382,60763.47910922868
176,27091.611216264875,60763.47910922868
177,29317.432475651876,60763.47910922868
178,32911.03148912903,60763.47910922868
179,29470.820884935627,60763.47910922868
180,34344.57706729618,60763.47910922868
181,31734.21114709247,60763.47910922868
182,31874.759977876005,60763.47910922868
183,28612.391176122208,60763.47910922868
184,27268.854828328193,60763.47910922868
185,32372.413731472338,60763.47910922868
186,32705.487731610603,60763.47910922868
187,33965.31289812909,60763.47910922868
188,33233.37965423173,60763.47910922868
189,29802.633886312742,60763.47910922868
190,33055.223842932304,60763.47910922868
191,31047.24219473458,60763.47910922868
192,34007.66777817329,60763.47910922868
193,33491.24296183836,60763.47910922868
194,31610.071076702687,60763.47910922868
195,30430.328200739066,60763.47910922868
196,33083.84130337852,60763.47910922868
197,28813.186158440403,60763.47910922868
198,33572.9485347993,60763.47910922868
199,29864.80756379293,60763.47910922868
200,33427.990986747995,60763.47910922868
201,28851.93084598259,60763.47910922868
202,27510.952471672885,61304.41318163964
203,29250.30150472037,61304.41318163964
204,33227.81657995248,61304.41318163964
205,31118.621211846843,61304.41318163964
206,35853.34533216637,61304.41318163964
207,30411.703787694765,61304.41318163964
208,36772.61970723937,61304.41318163964
209,35565.89354276532,61304.41318163964
210,30536.815581206316,61304.41318163964
211,31611.900627697985,61304.41318163964
212,35323.23403957376,61304.41318163964
213,31287.48543382008,61304.41318163964
214,31616.461357109445,61304.41318163964
215,33261.74500188354,61304.41318163964
216,34864.27868112434,61304.41318163964
217,33248.482071555496,61304.41318163964
218,29613.999424792528,61304.41318163964
219,33729.95943456022,61304.41318163964
220,34004.56917779309,61304.41318163964
221,33162.55295080374,61304.41318163964
222,28919.88548994216,61304.41318163964
223,31413.068872991047,61310.69792351511
224,34537.04929815751,61310.69792351511
225,32558.447250344972,61310.69792351511
226,31426.179206684665,61310.69792351511
227,34005.94352707867,61310.69792351511
228,29745.593030792974,61310.69792351511
229,29765.228687878687,61310.69792351511
230,34482.77826059878,61310.69792351511
231,29834.792788812065,61310.69792351511
232,27743.14574349965,61310.69792351511
233,29210.351695349036,61420.13027484802
234,31512.019855060018,61420.13027484802
235,30560.4180839162,61420.13027484802
236,31332.419073404297,61420.13027484802
237,30318.063434029664,61420.13027484802
238,28361.202509557817,61420.13027484802
239,32946.910935695836,61420.13027484802
240,33166.14889781641,61420.13027484802
241,29573.750945818832,61420.13027484802
242,33199.11336011581,61420.13027484802
243,32528.536770259536,61420.13027484802
244,31632.806026712784,61420.13027484802
245,31908.69364542097,61420.13027484802
246,32256.544500396405,61420.13027484802
247,35495.06270309277,61420.13027484802
248,33413.59703133927,61420.13027484802
249,32397.013764365955,61420.13027484802
250,29942.299870162522,61420.13027484802
251,29872.478615664928,61420.13027484802
252,34990.379766272614,61420.13027484802
253,31212.93243137824,61420.13027484802
254,31498.583449407106,61420.13027484802
255,31162.84133031216,61420.13027484802
256,34123.86432867263,61420.13027484802
257,32006.88833024166,61420.13027484802
258,33655.56804471378,61420.13027484802
259,33560.94782681495,61420.13027484802
260,31492.435805926907,61420.13027484802
261,29778.468761472785,61420.13027484802
262,31955.99755115833,61478.64487442435
263,33122.97128194875,61478.64487442435
264,28936.32003086884,61478.64487442435
265,30696.78039228854,61478.64487442435
266,32929.55055247183,61478.64487442435
267,32735.194930063975,61478.64487442435
268,33646.43943029343,61478.64487442435
269,33457.70187405513,61478.64487442435
270,32836.75998397635,61478.64487442435
271,32358.273083560834,61478.64487442435
272,33395.204521308944,61478.64487442435
273,31241.264142781853,61478.64487442435
274,29603.029099620053,61478.64487442435
275,32780.92520635417,61478.64487442435
276,32687.310383029177,61478.64487442435
277,34885.18415796065,61478.64487442435
278,30036.264565197,61478.64487442435
279,31861.496325418208,61478.64487442435
280,29607.70651298119,61649.42196142462
281,37504.90415233091,61649.42196142462
282,35403.08265971148,61649.42196142462
283,31485.250017069124,61649.42196142462
284,35551.654042210546,61649.42196142462
285,28150.909808499284,61649.42196142462
286,30431.15125551329,61649.42196142462
287,34864.94544241895,61985.47386952557
288,29383.644265162155,61985.47386952557
289,35556.68004304388,61985.47386952557
290,31137.520069288254,61985.47386952557
291,34500.28607943792,61985.47386952557
292,36913.33717202157,61985.47386952557
293,31208.551234343235,61985.47386952557
294,31251.21446923894,61985.47386952557
295,31556.83454489724,61985.47386952557
296,32011.487032577184,61985.47386952557
297,33956.02061336182,61985.47386952557
298,31785.967096459444,61985.47386952557
299,32813.07688936535,61985.47386952557
300,32109.8732640173,61985.47386952557
301,32223.758799286574,61985.47386952557
302,26806.71455925525,61985.47386952557
303,28484.23142381509,61985.47386952557
304,28993.086692625027,61985.47386952557
305,34106.10333460601,61986.192824051526
306,32413.503945229997,61986.192824051526
307,31667.169723263953,61986.192824051526
308,32110.984436336774,61986.192824051526
309,30403.5753259535,61986.192824051526
310,31749.971007715965,61986.192824051526
311,35328.031205218766,61986.192824051526
312,32564.782169640715,61986.192824051526
313,30408.730216619264,61986.192824051526
314,33296.20592241238,61986.192824051526
315,29760.812174826646,61986.192824051526
316,33784.73023013064,61986.192824051526
317,34928.71766884332,61995.77280654256
318,34515.78280363211,61995.77280654256
319,33297.96787389475,61995.77280654256
320,32608.223265280583,61995.77280654256
321,36091.86494104162,61995.77280654256
322,35586.73435494554,61995.77280654256
323,31883.588343558367,61995.77280654256
324,32534.577847446024,61995.77280654256
325,33287.10058755978,61995.77280654256
326,31437.848490174532,61995.77280654256
327,29597.61389203798,61995.77280654256
328,35156.693369406625,61995.77280654256
329,34665.987447093576,61995.77280654256
330,33146.04149805821,61995.77280654256
331,34395.09946490921,61995.77280654256
332,30911.69990619192,61995.77280654256
333,33430.605356282045,61995.77280654256
334,34368.53558953919,61995.77280654256
335,33283.18155629598,61995.77280654256
336,32548.06593516992,61995.77280654256
337,32156.08691137519,61995.77280654256
338,31904.164485108155,62473.929581996876
339,29859.110793351017,62473.929581996876
340,32304.02055103172,62473.929581996876
341,31362.695491200477,62473.929581996876
342,32937.78369136549,62473.929581996876
343,30296.025736891585,62473.929581996876
344,34576.34445104373,62473.929581996876
345,28749.994990393126,62473.929581996876
346,31266.313095321206,62473.929581996876
347,35046.280536354,62473.929581996876
348,38090.73090952406,62473.929581996876
349,31842.695118032036,62860.83278073171
350,35337.26640606081,62860.83278073171
351,31794.81257625147,62860.83278073171
352,33310.50138256121,62860.83278073171
353,33605.23335638765,62860.83278073171
354,37282.71223092241,62860.83278073171
355,35868.23096017674,62860.83278073171
356,31210.121784425693,62860.83278073171
357,33112.315148217116,62864.220397433746
358,31447.241657021896,62864.220397433746
359,33304.85896041087,62864.220397433746
360,32105.471246170226,62864.220397433746
361,31325.271042829838,62864.220397433746
362,34932.840158579944,62864.220397433746
363,30936.079633552614,62864.220397433746
364,28946.479101816985,62864.220397433746
365,29731.54424077363,62864.220397433746
366,31408.04657879879,62864.220397433746
367,33896.073144231515,62864.220397433746
368,33589.745513951544,62864.220397433746
369,35665.7569515336,62864.220397433746
370,33190.82125427544,62864.220397433746
371,36979.14545021417,62864.220397433746
372,33798.546128817885,62864.220397433746
373,33379.49302597263,62864.220397433746
374,33018.786554790786,62864.220397433746
375,33297.54697904667,62864.220397433746
376,35059.474540965995,62864.220397433746
377,34120.74748874364,62864.220397433746
378,33647.135178432254,62864.220397433746
379,31630.69568958728,62869.971972084786
380,31616.913819259848,62869.971972084786
381,33653.93005405525,62869.971972084786
382,33490.22028721266,62869.971972084786
383,36519.08023309122,62869.971972084786
384,34869.50200639856,62869.971972084786
385,35575.992245004476,62869.971972084786
386,35985.21519467016,62869.971972084786
387,31669.45879199596,62869.971972084786
388,31695.026131391107,62869.971972084786
389,35766.17877603153,62869.971972084786
390,30220.543449898225,62869.971972084786
391,31644.842220679104,62869.971972084786
392,32520.280963930938,62869.971972084786
393,29503.950047488663,62869.971972084786
394,37416.74800897738,62869.971972084786
395,29801.69944837174,62869.971972084786
396,34448.304273902584,62869.971972084786
397,30994.350823516685,62869.971972084786
398,36729.217985351235,62869.971972084786
399,29391.982447321945,62869.971972084786
400,32394.51265295314,62869.971972084786
401,35239.70918589104,62869.971972084786
402,31752.957412841257,62869.971972084786
403,31926.880309720586,62869.971972084786
404,33515.131223777265,62869.971972084786
405,33357.578850645834,62869.971972084786
406,33209.273777916766,62869.971972084786
407,32299.512870620212,62869.971972084786
408,33233.182656611425,62869.971972084786
409,31666.208754798925,62869.971972084786
410,31998.67367164842,62869.971972084786
411,29670.003425728744,62869.971972084786
412,32509.43765074191,62869.971972084786
413,29499.145891657885,62869.971972084786
414,33658.16893320762,62869.971972084786
415,32938.94241441216,62869.971972084786
416,36882.83610786556,62869.971972084786
417,36032.1679021137,62869.971972084786
418,34558.09061164978,62869.971972084786
419,35298.63452308763,62869.971972084786
420,35384.43504198655,62869.971972084786
421,37516.408422966844,62869.971972084786
422,39104.1851105615,62869.971972084786
423,30079.11938026325,62869.971972084786
424,34830.44638968264,62869.971972084786
425,32148.90200106205,62869.971972084786
426,28611.243664966667,62869.971972084786
427,34496.30353984453,62869.971972084786
428,32780.59672371128,62869.971972084786
429,29186.930425234543,62869.971972084786
430,33255.21905059665,62869.971972084786
431,31896.361614466143,62869.971972084786
432,35729.849335116254,62873.06406192481
433,31823.897203946468,62873.06406192481
434,31556.821535873332,62873.06406192481
435,29317.63828046597,62873.06406192481
436,35421.44178667495,62873.06406192481
437,29721.21863198971,62873.06406192481
438,31623.05022844108,62873.06406192481
439,33220.46875506092,62873.06406192481
440,32986.5635587625,62873.06406192481
441,32266.337381214737,62873.06406192481
442,32776.86525542584,62873.06406192481
443,29929.96397558793,62873.06406192481
444,35094.34822620353,62873.06406192481
445,32957.39064332161,62873.06406192481
446,35063.55263360932,62873.06406192481
447,33704.234601218006,62873.06406192481
448,29062.399488740568,62873.06406192481
449,32668.49277563531,62873.06406192481
450,32242.635401448162,62873.06406192481
451,33323.4327056528,62873.06406192481
452,32645.59065216757,62873.06406192481
453,30556.135223847825,63093.56370593977
454,33379.60682331399,63093.56370593977
455,35337.55043165665,63093.56370593977
456,35097.78166156555,63093.56370593977
457,33802.79942215415,63093.56370593977
458,30440.7696153098,63093.56370593977
459,31882.971920559452,63093.56370593977
460,34465.1059980837,63093.56370593977
461,35600.95958007578,63093.56370593977
462,33394.900540973664,63093.56370593977
463,35740.33625555646,63093.56370593977
464,33202.07839418592,63203.325991170044
465,29219.781305568547,63203.325991170044
466,31910.814848504662,63203.325991170044
467,33721.28944590087,63203.325991170044
468,33920.55738521843,63203.325991170044
469,33446.98852809625,63203.325991170044
470,34068.46903335394,63205.9203873859
471,33066.85708857485,63205.9203873859
472,32516.05414813849,63205.9203873859
473,36041.93059570099,63205.9203873859
474,32269.36264200054,63205.9203873859
475,32661.682029863157,63205.9203873859
476,33712.53630951709,63205.9203873859
477,37255.24846537639,63205.9203873859
478,36268.78301151727,63205.9203873859
479,31274.533916740995,64300.12995287777
480,30901.91257849153,64300.12995287777
481,38759.79910019074,64300.12995287777
482,38382.82870967263,64300.12995287777
483,32370.614704969146,64300.12995287777
484,36561.84023924678,64300.12995287777
485,33825.63313406783,64300.12995287777
486,32119.204232148153,64300.12995287777
487,37606.49599850642,64300.12995287777
488,36231.14380021319,64300.12995287777
489,31138.787859820615,64300.12995287777
490,30226.11527144981,64300.12995287777
491,38298.25906779655,64300.12995287777
492,37441.75338601343,64300.12995287777
493,32040.336521265424,64300.12995287777
494,31998.792211575208,64300.12995287777
495,33778.91047278079,64300.12995287777
496,33838.56917128472,64300.12995287777
497,36832.796293308405,64300.12995287777
498,35125.083839814084,64300.12995287777
499,34865.227878906975,64300.12995287777
500,35888.61431204905,64300.12995287777
501,32031.0799778765,64300.12995287777
502,33810.886748676974,64300.12995287777
503,37199.86769355265,64300.12995287777
504,35289.80612835704,64300.12995287777
505,30724.081481648995,64300.12995287777
506,30853.95563629132,64300.12995287777
507,33165.30891223337,64300.12995287777
508,30042.99682487996,64300.12995287777
509,33184.54310103558,64300.12995287777
510,39298.3090071699,64300.12995287777
511,32061.36351254865,64300.12995287777
512,37485.82393669377,64300.12995287777
513,36950.4262411794,64300.12995287777
514,32980.16641393591,64300.12995287777
515,36264.232563452155,64300.12995287777
516,37714.4032272389,64300.12995287777
517,35677.05960918908,64300.12995287777
518,35240.34826181223,64300.12995287777
519,33640.513994520654,64300.12995287777
520,33130.6623668015,64300.12995287777
521,31786.733357661797,64300.12995287777
522,28314.95984522162,64300.12995287777
523,30285.321362071754,64300.12995287777
524,33113.152668069466,64300.12995287777
525,35002.651224717614,64300.12995287777
526,31553.678376611922,64300.12995287777
527,33262.59723069121,64361.61209109478
528,34022.10427538342,64361.61209109478
529,33401.23667241316,64361.61209109478
530,38374.37591336591,64361.61209109478
531,32250.133422149178,64361.61209109478
532,35372.385978454346,64361.61209109478
533,36681.58577352791,64361.61209109478
534,33121.542329083786,64361.61209109478
535,28773.616035994535,64361.61209109478
536,33871.343060953564,64361.61209109478
537,36739.426302507476,64361.61209109478
538,37902.938866330675,64361.61209109478
539,33430.93973434334,64361.61209109478
540,36615.79579923161,64361.61209109478
541,28467.249315571622,64361.61209109478
542,35293.84585959786,64361.61209109478
543,32421.78038055328,64361.61209109478
544,37214.00627846531,64361.61209109478
545,35021.262645044044,64361.61209109478
546,34783.67253899432,64361.61209109478
547,31831.7508842346,64361.61209109478
548,35084.12661158193,64361.61209109478
549,36879.851746287095,64361.61209109478
550,33333.43911187522,64361.61209109478
551,34759.211447299414,64361.61209109478
552,33152.335086593885,64361.61209109478
553,29736.079534491397,64361.61209109478
554,34001.99706316708,64361.61209109478
555,35793.08972931618,64361.61209109478
556,34691.70613683203,64361.61209109478
557,33017.52061831479,64361.61209109478
558,37235.89026175692,64361.61209109478
559,34048.017105102,64361.61209109478
560,35590.814797916406,64361.61209109478
561,34520.89444669271,64361.61209109478
562,31496.93074970446,64361.61209109478
563,30906.351606555887,64361.61209109478
564,37184.35474279508,64361.61209109478
565,29918.126159551593,64361.61209109478
566,34744.78898897501,64361.61209109478
567,35472.28889799332,64361.61209109478
568,31054.59185886114,64361.61209109478
569,29157.90300087686,64361.61209109478
570,33625.76963654332,64361.61209109478
571,34284.72461365257,64361.61209109478
572,38021.88101069147,64361.61209109478
573,36648.26703840268,64361.61209109478
574,28958.23903097401,64361.61209109478
575,33932.802704186506,64361.61209109478
576,32128.55881545167,64361.61209109478
577,33123.63855558715,64361.61209109478
578,36802.19487949602,64361.61209109478
579,31728.494943114463,64361.61209109478
580,37674.518747383445,64361.61209109478
581,34626.404738526675,64361.61209109478
582,38440.86044534,64361.61209109478
583,30570.115126296398,64361.61209109478
584,37380.35649170359,64361.61209109478
585,34957.912531860464,64361.61209109478
586,33210.71853139389,64361.61209109478
587,32742.37049750621,64361.61209109478
588,30320.14933782301,64361.61209109478
589,37997.28606312843,64361.61209109478
590,35580.619621418664,64361.61209109478
591,34336.11557327698,64361.61209109478
592,35959.288701442165,64361.61209109478
593,31462.094050237156,64361.61209109478
594,37976.047014980846,64361.61209109478
595,32071.197874283283,64361.61209109478
596,30561.90651867972,64361.61209109478
597,36583.264613609485,64361.61209109478
598,32933.58492574479,64361.61209109478
599,34884.56090355843,64361.61209109478
600,34835.69723981453,64361.61209109478
601,37105.392762416166,64361.61209109478
602,34402.21962054256,64361.61209109478
603,30687.753024438858,64361.61209109478
604,32671.795121607276,64361.61209109478
605,33798.773195703994,64361.61209109478
606,33053.83845331374,64361.61209109478
607,33992.04003289334,64361.61209109478
608,31795.346023224483,64361.61209109478
609,32184.961637726017,64361.61209109478
610,33624.18930765839,64361.61209109478
611,33220.59145764132,64361.61209109478
612,33028.21563514067,64361.61209109478
613,36314.08848544924,64361.61209109478
614,33947.844564284445,64361.61209109478
615,34689.01417273053,64361.61209109478
616,36559.03481735574,64361.61209109478
617,34976.902146900495,64387.56440890992
618,34441.91308907804,64387.56440890992
619,33807.18911854062,64387.56440890992
620,31760.173301533927,64387.56440890992
621,33839.42556751831,64387.56440890992
622,33102.82155781285,64387.56440890992
623,32755.638316701436,64387.56440890992
624,31041.6244176768,64387.56440890992
625,36254.56808627549,64387.56440890992
626,38151.46336168132,64387.56440890992
627,34670.23192616701,64387.56440890992
628,34730.48787539389,64387.56440890992
629,35627.99690312666,64387.56440890992
630,32666.276072794288,64387.56440890992
631,33792.2014357425,64387.56440890992
632,35309.10524342657,64387.56440890992
633,35534.445918635174,64387.56440890992
634,35724.74530574058,64387.56440890992
635,35433.88597673203,64387.56440890992
636,33292.67249348429,64387.56440890992
637,35540.351969877294,64387.56440890992
638,33773.570395412025,64387.56440890992
639,35539.26621065784,64387.56440890992
640,36082.148517211885,64387.56440890992
641,30225.641205254906,64387.56440890992
642,35317.884803607114,64387.56440890992
643,36146.67902674783,64387.56440890992
644,32112.344014640737,64387.56440890992
645,34338.93609777868,64387.56440890992
646,33799.6883648744,64387.56440890992
647,35419.907162948446,64387.56440890992
648,35169.3089831671,64387.56440890992
649,37245.851299636124,64387.56440890992
650,31976.984137428593,64387.56440890992
651,34909.53085547912,64387.56440890992
652,33306.11320745598,64387.56440890992
653,34727.152455597294,64387.56440890992
654,32875.69772784068,64387.56440890992
655,32689.356054595755,64387.56440890992
656,35489.71156822782,64387.56440890992
657,29980.757002336624,64387.56440890992
658,31269.19713153141,64387.56440890992
659,36391.33657253385,64387.56440890992
660,34216.86244175032,64387.56440890992
661,35461.71674374846,64387.56440890992
662,33435.930509560974,64387.56440890992
663,34658.60318894134,64387.56440890992
664,33092.51020769832,64387.56440890992
665,33669.41000749208,64387.56440890992
666,33365.15828681544,64387.56440890992
667,37164.47011929019,64387.56440890992
668,33723.893098104716,64387.56440890992
669,36305.679955021056,64387.56440890992
670,37511.88684934447,64387.56440890992
671,33657.7292572291,64387.56440890992
672,36035.27596566939,64387.56440890992
673,32572.922888359022,64387.56440890992
674,36607.93302474234,64387.56440890992
675,36363.33571855299,64387.56440890992
676,36629.22486463706,64387.56440890992
677,31990.498462721574,64387.56440890992
678,28739.094882089852,64387.56440890992
679,33707.914811661474,64387.56440890992
680,32273.4939143774,64387.56440890992
681,40193.0395236006,64415.297944592
682,33630.74456442827,64415.297944592
683,34320.59104248819,64415.297944592
684,33355.33287342355,64415.297944592
685,32566.753991735768,64415.297944592
686,31442.446281915676,64415.297944592
687,34930.10284625543,64415.297944592
688,33885.909686065985,64415.297944592
689,31554.608329173556,64415.297944592
690,30703.833648533204,64415.297944592
691,39311.68736581966,64415.297944592
692,32739.954774401303,64415.297944592
693,32269.78474863356,64415.297944592
694,29943.598928586252,64415.297944592
695,37133.74609989202,64415.297944592
696,32924.68354554983,64415.297944592
697,34558.535779298654,64415.297944592
698,35229.59919260385,64415.297944592
699,33784.68929380522,64415.297944592
700,33986.2420594819,64415.297944592
701,32559.08503973368,64415.297944592
702,33676.7346681457,64415.297944592
703,40972.257284261344,64415.297944592
704,34333.51090493528,64415.297944592
705,37634.25993557581,64415.297944592
706,32053.788146482893,64415.297944592
707,32844.00230030047,64415.297944592
708,38668.189043559025,64415.297944592
709,37834.95146921304,64415.297944592
710,32955.39929302715,64415.297944592
711,32560.69751191111,64415.297944592
712,32371.859561094818,64415.297944592
713,35030.935042811674,64415.297944592
714,35697.69549543734,64415.297944592
715,29837.56897922253,64415.297944592
716,34094.859209915485,64415.297944592
717,34484.84846191213,64415.297944592
718,31927.936750523175,64415.297944592
719,33646.58271463839,64415.297944592
720,39154.85026781114,64415.297944592
721,33122.27685808479,64415.297944592
722,38128.80874250091,64415.297944592
723,33027.815287302066,64415.297944592
724,31670.143797660498,64415.297944592
725,36926.15506711946,64415.297944592
726,33937.82913360603,64415.297944592
727,35525.327325070175,64415.297944592
728,33460.812792906276,64415.297944592
729,31608.285378101344,64415.297944592
730,39250.005204777786,64415.297944592
731,30917.445679949153,64415.297944592
732,33099.00854215137,64415.297944592
733,31971.509731156726,64415.297944592
734,31596.28317107432,64415.297944592
735,34359.26987983193,64415.297944592
736,36067.99986462034,64415.297944592
737,34359.54595513795,64415.297944592
738,35070.60559455701,64415.297944592
739,32030.310969467046,64415.297944592
740,32421.88249498545,64415.297944592
741,34038.67417550867,64415.297944592
742,29891.24026137367,64415.297944592
743,35031.00651638257,64415.297944592
744,33170.63787714287,64415.297944592
745,36418.09226720727,64415.297944592
746,33694.99060375911,64415.297944592
747,36020.50863505226,64415.297944592
748,37338.85185763363,64415.297944592
749,35522.17461124723,64415.297944592
750,31471.21984769205,64415.297944592
751,34746.47421143171,64415.297944592
752,36471.30511208063,64415.297944592
753,37133.6399993871,64415.297944592
754,36363.57494957763,64415.297944592
755,34356.98305295096,64415.297944592
756,33315.88776154478,64415.297944592
757,32420.795315892956,64415.297944592
758,40777.756008247525,64415.297944592
759,35163.70998842636,64415.297944592
760,37063.7791962728,64415.297944592
761,32295.368700617615,64415.297944592
762,28428.221583999097,64415.297944592
763,35897.09978841661,64415.297944592
764,34364.57171596987,64415.297944592
765,32273.578694764747,64415.297944592
766,34785.294462913706,64415.297944592
767,34041.87358620797,64415.297944592
768,37143.4030536249,64415.297944592
769,38902.22014603901,64415.297944592
770,31721.026490010012,64415.297944592
771,37396.892661974816,64415.297944592
772,32396.985361604064,64415.297944592
773,33731.4158032595,64415.297944592
774,35027.725758792396,64415.297944592
775,34568.26856670132,64415.297944592
776,33339.031001722804,64415.297944592
777,35233.247205022344,64415.297944592
778,34949.67043640118,64415.297944592
779,32865.39214410365,64415.297944592
780,36999.67501290985,64415.297944592
781,35969.19790437448,64415.297944592
782,37773.001961166476,64415.297944592
783,37254.3680193747,64415.297944592
784,31041.644093451825,64415.297944592
785,36640.62508966218,64415.297944592
786,37480.568525093055,64415.297944592
787,33883.65659336574,64415.297944592
788,35732.01581249382,64415.297944592
789,34762.63625237295,64415.297944592
790,32661.790749815962,64415.297944592
791,36595.565479347206,64415.297944592
792,35971.07069129625,64415.297944592
793,38891.11422100392,64415.297944592
794,35161.56908572688,64415.297944592
795,32828.95922700705,64415.297944592
796,34495.59885201236,64415.297944592
797,30652.690726266886,64415.297944592
798,35336.05187629683,64415.297944592
799,31808.522549070574,64415.297944592
800,36367.69117103072,64415.297944592
801,35767.580406019486,64415.297944592
802,33755.75157333767,64415.297944592
803,33673.01575313217,64415.297944592
804,34917.63952140222,64415.297944592
805,33110.08257218935,64415.297944592
806,39764.368728966205,64415.297944592
807,38962.03598827115,64415.297944592
808,35301.41420167313,64415.297944592
809,38357.60510841751,64415.297944592
810,33384.42616917077,64415.297944592
811,34772.08408517084,64415.297944592
812,34605.972319604494,64415.297944592
813,36140.73199864275,64415.297944592
814,31353.298450626295,64415.297944592
815,32778.27057120799,64415.297944592
816,36091.09526038075,64415.297944592
817,36203.99206571169,64415.297944592
818,35690.629240139766,64415.297944592
819,33926.4102333525,64415.297944592
820,34612.35400892259,64415.297944592
821,31973.07006360301,64415.297944592
822,33396.75658497681,64415.297944592
823,36002.02371751247,64415.297944592
824,33020.5644500611,64415.297944592
825,29462.50776043198,64415.297944592
826,33374.41356282146,64415.297944592
827,29552.576497761285,64415.297944592
828,38661.96412342974,64415.297944592
829,34478.30636637626,64415.297944592
830,34702.86407212281,64415.297944592
831,32112.2186334099,64415.297944592
832,32963.36027175136,64415.297944592
833,34933.78064731837,64415.297944592
834,35864.04076497263,64415.297944592
835,35562.63959628762,64415.297944592
836,33482.30103405864,64415.297944592
837,33471.485999008626,64415.297944592
838,33652.427607163416,64415.297944592
839,32473.93534266413,64415.297944592
840,35097.68521543642,64415.297944592
841,33857.78925478554,64415.297944592
842,35767.84325739525,64415.297944592
843,33854.258718900026,64415.297944592
844,35064.08154581613,64415.297944592
845,30777.692204960225,64415.297944592
846,32819.91759877436,64415.297944592
847,33149.889784382525,64415.297944592
848,36926.566319682075,64415.297944592
849,39368.980289122825,64415.297944592
850,33235.85748280731,64415.297944592
851,34818.90725871322,64415.297944592
852,34484.0494557147,64415.297944592
853,33352.657671814275,64415.297944592
854,34781.580509818166,64415.297944592
855,34961.641581380485,64415.297944592
856,37158.22493774336,64415.297944592
857,34677.52470617226,64415.297944592
858,32464.089903568183,64415.297944592
859,35243.31999655874,64415.297944592
860,37148.374429460186,64415.297944592
861,27157.023186674403,64415.297944592
862,35990.6874325713,64415.297944592
863,31936.383655357313,64415.297944592
864,33558.65347180625,64415.297944592
865,34517.82590363702,64415.297944592
866,34585.75949132889,64415.297944592
867,32527.469321243374,64415.297944592
868,34880.11801286851,64422.462482798655
869,37792.043624246966,64422.462482798655
870,36512.66989237119,64422.462482798655
871,31275.98388167,64422.462482798655
872,36771.61178424916,64422.462482798655
873,35374.337252752164,64422.462482798655
874,33153.32141934569,64422.462482798655
875,32553.3984936426,64422.462482798655
876,33712.47969181455,64422.462482798655
877,33400.79993303997,64422.462482798655
878,39400.35627485592,64422.462482798655
879,31697.5927076313,64422.462482798655
880,33563.1782740228,64422.462482798655
881,35562.22603334899,64422.462482798655
882,37755.6814382311,64422.462482798655
883,33343.31872382294,64422.462482798655
884,37052.50441124395,64422.462482798655
885,32968.187826822825,64422.462482798655
886,32144.141989979315,64422.462482798655
887,33477.232248831075,64422.462482798655
888,29699.58569025306,64422.462482798655
889,36554.01664615478,64422.462482798655
890,33594.259522191795,64422.462482798655
891,37255.08326250625,64422.462482798655
892,35458.907304227636,64422.462482798655
893,34491.628588100255,64422.462482798655
894,38021.20023903547,64422.462482798655
895,30391.027209416952,64422.462482798655
896,35839.23042293323,64422.462482798655
897,35219.938291496794,64422.462482798655
898,32831.9888324344,64422.462482798655
899,35305.71450153199,64422.462482798655
900,36952.55909512911,64422.462482798655
901,34939.40348653754,64422.462482798655
902,34517.29729041221,64433.87780756729
903,32473.268351174374,64433.87780756729
904,30788.33048768521,64433.87780756729
905,35297.03359300086,64433.87780756729
906,34452.00784345558,64433.87780756729
907,36184.49844296178,64433.87780756729
908,28580.804289625816,64433.87780756729
909,31501.60986725273,64433.87780756729
910,35203.03095590459,64433.87780756729
911,32510.809121870676,64433.87780756729
912,35504.073251360154,64433.87780756729
913,34133.685582048645,64433.87780756729
914,33094.42305198486,64433.87780756729
915,33031.01879138377,64433.87780756729
916,32688.231235969062,64433.87780756729
917,36373.112735219576,64433.87780756729
918,34304.313926945106,64448.548876655834
919,33412.538743660734,64448.548876655834
920,33889.704795899575,64448.548876655834
921,35222.8166316879,64448.548876655834
922,32855.33921612378,64448.548876655834
923,34377.97154954294,64448.548876655834
924,30735.94644687885,64448.548876655834
925,34602.82698046868,64448.548876655834
926,38313.66349756694,64448.548876655834
927,35682.16299149869,64448.548876655834
928,31958.13922556318,64448.548876655834
929,32410.326869930377,64448.548876655834
930,37376.873121838114,64448.548876655834
931,34539.71008791722,64448.548876655834
932,33323.68608097333,64448.548876655834
933,33392.257966974394,64448.548876655834
934,35136.137965391696,64448.548876655834
935,31664.51032619649,64448.548876655834
936,32449.337008610164,64448.548876655834
937,33711.837202020906,64448.548876655834
938,28226.766284388777,64448.548876655834
939,33203.014487288456,64448.548876655834
940,34009.68922693792,64448.548876655834
941,35578.28881232738,64448.548876655834
942,32244.961925321924,64448.548876655834
943,34225.217414808,64448.548876655834
944,35988.58430062574,64448.548876655834
945,37791.98885026508,64448.548876655834
946,33863.58824741919,64448.548876655834
947,34310.09307960691,64448.548876655834
948,33653.275538323425,64448.548876655834
949,35964.476963523826,64448.548876655834
950,34286.643875471535,64448.548876655834
951,37733.70766620773,64448.548876655834
952,34704.17567390043,64448.548876655834
953,29019.29133163588,64448.548876655834
954,36561.875634765674,64448.548876655834
955,33872.33614842424,64448.548876655834
956,38422.75953998723,64448.548876655834
957,35692.05725039979,64448.548876655834
958,37863.10893622393,64448.548876655834
959,31687.351905044,64448.548876655834
960,36502.102385624,64448.548876655834
961,32255.832046635518,64448.548876655834
962,35755.97852165487,64448.548876655834
963,33189.91957520692,64448.548876655834
964,37750.88536332604,64448.548876655834
965,32478.251353794945,64448.548876655834
966,33185.322025551446,64448.548876655834
967,35708.97018426353,64448.548876655834
968,34143.93950061713,64448.548876655834
969,36892.24659754893,64448.548876655834
970,32303.788008804095,64448.548876655834
971,33401.106556507344,64448.548876655834
972,32178.306881504635,64448.548876655834
973,32498.297114749763,64448.548876655834
974,35519.20929133323,64448.548876655834
975,34400.72337144673,64448.548876655834
976,29244.475459547564,64448.548876655834
977,32293.189297991594,64448.548876655834
978,31940.142682669328,64448.548876655834
979,33619.43960951456,64448.548876655834
980,34173.887035988104,64452.26782416725
981,36112.93593289985,64452.26782416725
982,34433.14813917498,64452.26782416725
983,29571.874305957095,64452.26782416725
984,36663.939118243376,64452.26782416725
985,39206.971248858594,64452.26782416725
986,32121.375759751474,64452.26782416725
987,34446.71399227818,64452.26782416725
988,35398.41508766905,64452.26782416725
989,34039.636222772904,64452.26782416725
990,35362.64428798374,64452.26782416725
991,31215.487978437843,64452.26782416725
992,35390.36522021037,64452.26782416725
993,36742.28372290826,64452.26782416725
994,38304.64538508907,64452.26782416725
995,35472.169317081585,64452.26782416725
996,36646.124439693136,64452.26782416725
997,35472.220838948364,64452.26782416725
998,31326.664782769374,64452.26782416725
999,32515.81581033378,64452.26782416725
